review_id,product_id,rating,review_text,review_date
1,P001,5,these earbuds are amazing! the sound quality is crystal clear and the noise cancellation works perfectly.,2023-01-15
2,P001,4,great earbuds for the price. battery life is excellent but they're a bit uncomfortable after a few hours.,2023-02-03
3,P001,3,average product. the sound is good but i've had connectivity issues.,2023-03-22
4,P002,5,best yoga mat i've ever owned! thick enough for comfort but not too bulky to carry around.,2023-01-17
5,P002,2,disappointed with the quality. it started falling apart after just a few weeks.,2023-02-10
6,P002,1,complete waste of money. slippery and thin despite the description saying otherwise.,2023-03-05
7,P003,5,this smart watch exceeded my expectations. the heart rate monitor is very accurate compared to my medical devices.,2023-01-20
8,P003,4,good watch with lots of features. battery life could be better though.,2023-02-15
9,P003,5,absolutely love this watch! it's helped me track my fitness goals so effectively.,2023-03-10
10,P004,3,the protein powder is okay. mixes well but the taste is quite artificial.,2023-01-25
11,P004,5,great product! no artificial taste and mixes perfectly with my morning smoothie.,2023-02-20
12,P004,4,pretty good protein powder. i like that it's sugar-free but wish it had more flavor options.,2023-03-15
13,P005,5,these adjustable dumbbells are a game-changer for home workouts. so convenient!,2023-01-30
14,P005,4,good quality and saves a ton of space. a bit pricey but worth it.,2023-02-25
15,P005,5,best fitness purchase i've made this year! easy to adjust and very durable.,2023-03-20
16,P006,2,disappointing coffee maker. it leaks and the coffee isn't very hot.,2022-12-05
17,P006,1,do not buy! stopped working after just 2 weeks. complete waste of money.,2023-01-10
18,P006,3,it's an okay coffee maker. nothing special but gets the job done.,2023-02-05
19,P007,5,this chair saved my back! so comfortable for long work days.,2023-01-12
20,P007,5,excellent ergonomics and very adjustable. worth every penny for my home office.,2023-02-08
21,P007,4,good chair with nice lumbar support. assembly was a bit challenging though.,2023-03-04
22,P008,4,works well with all my devices. charging is fast and reliable.,2023-01-14
23,P008,5,perfect charging pad! i love the led indicator - makes it easy to know when charging is complete.,2023-02-10
24,P008,3,it's fine. nothing spectacular but does what it's supposed to do.,2023-03-06
25,P009,5,this smart home hub has transformed our house! so easy to use and compatible with all our devices.,2023-01-16
26,P009,4,good hub with nice voice control features. setup was a bit confusing though.,2023-02-12
27,P009,2,not as compatible as advertised. had trouble connecting several of my devices.,2023-03-08
28,P010,5,best blender i've ever owned! crushes ice like it's nothing.,2023-01-18
29,P010,4,good powerful blender. a bit loud but gets the job done well.,2023-02-14
30,P010,5,love this blender! makes my morning smoothies in seconds with no chunks.,2023-03-10
31,P011,5,most comfortable running shoes i've owned. great support and very lightweight.,2023-01-20
32,P011,4,good running shoes with nice cushioning. the sizing runs a bit small though.,2023-02-16
33,P011,3,they're okay. not as breathable as advertised but otherwise decent.,2023-03-12
34,P012,5,amazing sound quality for such a compact speaker! the battery life is impressive too.,2023-01-22
35,P012,4,good portable speaker. works great by the pool since it's waterproof.,2023-02-18
36,P012,5,love this little speaker! perfect for travel and outdoor activities.,2023-03-14
37,P013,5,great resistance bands set! the different levels make it perfect for progressive training.,2023-01-24
38,P013,4,good quality bands that haven't snapped on me yet like previous ones i've owned.,2023-02-20
39,P013,5,excellent workout addition! the exercise guide is very helpful for beginners.,2023-03-16
40,P014,5,this air purifier has made a huge difference for my allergies. very quiet operation too!,2023-01-26
41,P014,4,works well and covers my whole living room. filter replacements are a bit expensive though.,2023-02-22
42,P014,5,best purchase for my home this year! the air quality difference is noticeable.,2023-03-18
43,P015,5,this cast iron skillet is fantastic! even heat distribution and already well-seasoned.,2023-01-28
44,P015,4,good quality skillet. heavy but that's expected with cast iron.,2023-02-24
45,P015,5,love cooking with this skillet! it's transformed my cooking game completely.,2023-03-20
46,P016,4,comfortable mouse with good responsiveness. battery life is excellent.,2023-01-30
47,P016,5,perfect wireless mouse for my needs! no lag and very precise tracking.,2023-02-26
48,P016,3,it's okay. nothing special but works reliably.,2023-03-22
49,P017,5,most comfortable meditation cushion i've tried. great support for long sessions.,2023-02-01
50,P017,4,nice cushion with good support. the cover is easy to remove and wash too.,2023-02-27
51,P017,5,love this meditation cushion! perfect height and firmness.,2023-03-24
52,P018,5,this drawing tablet is amazing for digital art! the pressure sensitivity is incredibly accurate.,2023-02-03
53,P018,4,good tablet for the price. the wireless capability is convenient but sometimes lags.,2023-03-01
54,P018,5,fantastic drawing tablet! has completely replaced my need for traditional media.,2023-03-26
55,P019,5,best water bottle i've owned! keeps water cold for the entire day as promised.,2023-02-05
56,P019,4,good quality bottle that doesn't leak. a bit heavy when full though.,2023-03-03
57,P019,5,love this water bottle! the cold retention is amazing even in hot weather.,2023-03-28
58,P020,4,nice towel set. soft and absorbent but not as quick-drying as advertised.,2023-02-07
59,P020,3,average towels. nothing special for the price point.,2023-03-05
60,P020,5,excellent towel set! so soft and plush - hotel quality for sure.,2023-03-30
61,P021,5,this indoor garden is wonderful! growing fresh herbs has never been easier.,2023-02-09
62,P021,4,great concept and works well. the plant pods are a bit expensive to replace though.,2023-03-07
63,P021,5,love my smart garden! it's so satisfying to grow my own herbs with minimal effort.,2023-04-01
64,P022,5,best gaming mouse i've ever used! perfect weight and the programmable buttons are so useful.,2023-02-11
65,P022,4,good gaming mouse with nice rgb effects. software is a bit complicated though.,2023-03-09
66,P022,5,this mouse has improved my gaming performance significantly! great investment.,2023-04-03
67,P023,4,nice keyboard that's very portable. battery life is good but keys are a bit small.,2023-02-13
68,P023,5,perfect travel keyboard! connects to all my devices seamlessly.,2023-03-11
69,P023,3,it's okay for occasional use but i wouldn't recommend for daily typing.,2023-04-05
70,P024,5,this electric toothbrush is amazing! my teeth have never felt cleaner.,2023-02-15
71,P024,4,good toothbrush with useful features. replacement heads are expensive though.,2023-03-13
72,P024,5,love this toothbrush! the pressure sensor has saved my gums from overbrushing.,2023-04-07
73,P025,5,this fitness tracker has all the features i need and the battery lasts forever!,2023-02-17
74,P025,4,good tracker that's comfortable to wear 24/7. app could use some improvements.,2023-03-15
75,P025,3,it's okay. step counting seems accurate but sleep tracking is questionable.,2023-04-09
76,P026,5,best travel mug i've owned! keeps coffee hot for my entire morning commute.,2023-02-19
77,P026,4,good mug that doesn't leak. one-handed operation is convenient while driving.,2023-03-17
78,P026,5,love this travel mug! 12 hours later and my tea is still hot - amazing!,2023-04-11
79,P027,4,nice keyboard and mouse combo. good value for the price point.,2023-02-21
80,P027,5,perfect setup for my home office! the quiet keys are great for video calls.,2023-03-19
81,P027,3,average quality. works fine but nothing special to report.,2023-04-13
82,P028,5,this dutch oven is a kitchen game-changer! perfect for slow-cooking stews.,2023-02-23
83,P028,4,good quality pot that distributes heat well. a bit heavy but that's expected.,2023-03-21
84,P028,5,love this dutch oven! the enamel coating makes cleanup so easy.,2023-04-15
85,P029,5,this desk lamp is perfect! the adjustable brightness and temperature are so useful.,2023-02-25
86,P029,4,nice lamp with good features. the usb port is very convenient.,2023-03-23
87,P029,5,best desk lamp i've owned! great for reducing eye strain during late work nights.,2023-04-17
88,P030,5,these headphones are incredible! the noise cancellation is better than brands twice the price.,2023-02-27
89,P030,4,good headphones with excellent battery life. a bit tight on the ears after several hours.,2023-03-25
90,P030,5,love these headphones! perfect for travel and working in noisy environments.,2023-04-19
91,P031,3,the protein bars are okay taste-wise. a bit chalky texture but decent protein content.,2023-03-01
92,P031,2,not impressed. very artificial taste and too sweet despite being 'healthy'.,2023-03-27
93,P031,4,pretty good plant-based option. mixed berry is the best flavor of the bunch.,2023-04-21
94,P032,5,this slow cooker is amazing! set it in the morning and dinner is perfect when i get home.,2023-03-03
95,P032,4,good slow cooker with useful timer function. wish the cord was longer though.,2023-03-29
96,P032,5,love this slow cooker! has transformed my meal prep routine completely.,2023-04-23
97,P033,5,best foam roller for post-workout recovery! the textured surface really gets into tight muscles.,2023-03-05
98,P033,4,good quality roller at a reasonable price. firm but not too hard.,2023-03-31
99,P033,5,this foam roller has been a game-changer for my back pain! highly recommend.,2023-04-25
100,P034,5,these reusable bags are fantastic! much sturdier than expected and easy to clean.,2023-03-07
101,P034,4,good alternative to disposable plastic bags. wish they were a bit larger though.,2023-04-02
102,P034,5,love these bags! have significantly reduced our household plastic waste.,2023-04-27
103,P035,4,good scale with consistent readings. the auto-calibration is a nice feature.,2023-03-09
104,P035,5,this scale is perfect! the precision is impressive and the design is sleek.,2023-04-04
105,P035,3,it's okay. works as expected but nothing special for the price.,2023-04-29
106,P036,5,this sunrise alarm has transformed my mornings! waking up feels so much more natural now.,2023-03-11
107,P036,4,nice alarm with gentle wake-up function. the nature sounds are a bit artificial though.,2023-04-06
108,P036,5,best purchase for improving my sleep cycle! no more jarring alarm sounds.,2023-05-01
109,P037,5,this diffuser is beautiful and works perfectly! the changing colors are a nice touch.,2023-03-13
110,P037,4,good diffuser with nice mist output. auto shutoff is a great safety feature.,2023-04-08
111,P037,5,love this diffuser! has made our home smell amazing and helps with relaxation.,2023-05-03
112,P038,4,good streaming device that's easy to set up. remote is a bit basic though.,2023-03-15
113,P038,5,this media player is fantastic! the 4k quality is stunning on my tv.,2023-04-10
114,P038,3,it's okay. works as expected but interface could be more user-friendly.,2023-05-05
115,P039,5,these smart bulbs have transformed our home lighting! the app control is so convenient.,2023-03-17
116,P039,4,good quality bulbs with nice color options. setup was a bit complicated though.,2023-04-12
117,P039,5,love these smart bulbs! the voice control works flawlessly with our home assistant.,2023-05-07
118,P040,4,these containers are great space-savers. food safe and convenient to store.,2023-03-19
119,P040,5,best food storage solution! love that they collapse for easy storage when not in use.,2023-04-14
120,P040,3,they're okay. lids don't seal as tightly as i'd like for liquids.,2023-05-09
121,P041,5,this laptop stand has improved my posture significantly! very sturdy despite being adjustable.,2023-03-21
122,P041,4,good stand that folds flat for travel. wish it had a bit more height adjustment.,2023-04-16
123,P041,5,perfect ergonomic solution for working from home! my neck pain has disappeared.,2023-05-11
124,P042,5,these cutting boards are beautiful and functional! the juice groove is very useful.,2023-03-23
125,P042,4,nice set with different sizes for various tasks. need regular oiling to maintain.,2023-04-18
126,P042,5,love these bamboo cutting boards! gentle on knife edges and sustainably made.,2023-05-13
127,P043,5,these resistance bands are perfect for home workouts! all 5 levels offer good progression.,2023-03-25
128,P043,4,good quality bands that haven't lost their elasticity. exercise guide is helpful.,2023-04-20
129,P043,5,best affordable fitness equipment! so versatile for different workout routines.,2023-05-15
130,P044,4,these gloves work well with touchscreens and are reasonably warm. good value.,2023-03-27
131,P044,3,they're okay. touch function works but not as warm as i'd hoped for winter.,2023-04-22
132,P044,5,perfect winter solution! keep my hands warm while using my phone outdoors.,2023-05-17
133,P045,5,this pet feeder has been a game-changer! my cat is fed on schedule even when i'm away.,2023-03-29
134,P045,4,good feeder with reliable scheduling. wish it had a camera feature though.,2023-04-24
135,P045,5,love this pet feeder! the voice recording feature calms my anxious dog at feeding time.,2023-05-19
136,P046,4,nice lunch bag that keeps food cold for hours. good size for adult lunches.,2023-03-31
137,P046,5,perfect lunch solution! the multiple pockets are great for organizing utensils and snacks.,2023-04-26
138,P046,3,it's adequate. insulation is okay but not great for very hot or cold items.,2023-05-21
139,P047,5,this fan is powerful and quiet! the remote control is very convenient.,2023-04-02
140,P047,4,good fan with nice oscillation feature. timer function is useful for nighttime.,2023-04-28
